<launch>
  <arg name="use_map_topic"   default="true"/>
  <arg name="scan_topic"      default="scan"/>
  <arg name="initial_pose_x" default="11.525"/> 
  <arg name="initial_pose_y" default="9.3"/>
  <arg name="initial_pose_a" default="0.7854"/>
  <arg name="odom_frame_id"   default="odom"/>
  <arg name="base_frame_id"   default="base_footprint"/>
  <arg name="global_frame_id" default="map"/>

  <node pkg="amcl" type="amcl" name="amcl" output="screen">
    <param name="use_map_topic"             value="$(arg use_map_topic)"/>
    <param name="odom_frame_id"             value="$(arg odom_frame_id)"/>
    <param name="base_frame_id"             value="$(arg base_frame_id)"/>
    <param name="global_frame_id"           value="$(arg global_frame_id)"/>
    <param name="transform_tolerance"       value="0.2"/>

    <param name="odom_model_type"           value="omni-corrected"/>
    <param name="odom_alpha1"               value="0.05"/>
    <param name="odom_alpha2"               value="0.10"/>
    <param name="odom_alpha3"               value="0.20"/>
    <param name="odom_alpha4"               value="0.05"/>
    <param name="odom_alpha5"               value="0.010"/>

    <param name="min_particles"             value="500"/>
    <param name="max_particles"             value="2000"/>
    <param name="kld_err"                   value="0.02"/>
    <param name="kld_z"                     value="0.99"/>
    <param name="resample_interval"         value="1"/>

    <param name="laser_model_type"          value="likelihood_field"/>
    <param name="laser_max_beams"           value="60"/>
    <param name="laser_min_range"           value="0.15"/>
    <param name="laser_max_range"           value="9.8"/>
    <param name="laser_z_hit"               value="0.7"/>
    <param name="laser_z_rand"              value="0.3"/>
    <param name="laser_z_short"             value="0.05"/>
    <param name="laser_z_max"               value="0.05"/>
    <param name="laser_sigma_hit"           value="0.08"/>
    <param name="laser_lambda_short"        value="0.1"/>
    <param name="laser_likelihood_max_dist" value="2.0"/>

    <param name="update_min_d"              value="0.20"/>
    <param name="update_min_a"              value="0.17"/>

    <param name="initial_pose_x"            value="$(arg initial_pose_x)"/>
    <param name="initial_pose_y"            value="$(arg initial_pose_y)"/>
    <param name="initial_pose_a"            value="$(arg initial_pose_a)"/>

    <remap from="scan" to="$(arg scan_topic)"/>
  </node>
</launch>